Tank,N & P,Size,Treatment,Schisto,Week,Snail,Total_Biomass,Cercarial_production,Infected_abundance,Sampling_Effort,Eggs,Phyto_F,Peri_F,Snail_density,Biomass_density
1,High,Small,High-Small,No,0,60,96.00971723,0,0,NA,NA,NA,NA,NA,NA
2,Low,Intermediate,Low-Intermediate,Yes,0,60,620.5686601,0,0,NA,NA,NA,NA,NA,NA
3,Low,Intermediate,Low-Intermediate,Yes,0,60,670.4780016,0,0,NA,NA,NA,NA,NA,NA
4,High,Small,High-Small,Yes,0,60,86.69983729,0,0,NA,NA,NA,NA,NA,NA
5,High,Small,High-Small,Yes,0,60,121.3938262,0,0,NA,NA,NA,NA,NA,NA
6,Low,Small,Low-Small,Yes,0,60,95.92953704,0,0,NA,NA,NA,NA,NA,NA
7,High,Large,High-Large,No,0,60,1969.287412,0,0,NA,NA,NA,NA,NA,NA
8,Low,Large,Low-Large,Yes,0,60,1729.449786,0,0,NA,NA,NA,NA,NA,NA
9,Low,Small,Low-Small,Yes,0,60,87.01427583,0,0,NA,NA,NA,NA,NA,NA
10,Low,Small,Low-Small,Yes,0,60,100.8906425,0,0,NA,NA,NA,NA,NA,NA
11,High,Large,High-Large,Yes,0,60,1920.276485,0,0,NA,NA,NA,NA,NA,NA
12,Low,Large,Low-Large,No,0,60,1704.375209,0,0,NA,NA,NA,NA,NA,NA
13,Low,Intermediate,Low-Intermediate,Yes,0,60,588.8523303,0,0,NA,NA,NA,NA,NA,NA
14,High,Small,High-Small,Yes,0,60,86.85896128,0,0,NA,NA,NA,NA,NA,NA
15,Low,Large,Low-Large,No,0,60,1768.337636,0,0,NA,NA,NA,NA,NA,NA
16,Low,Intermediate,Low-Intermediate,No,0,60,675.2707973,0,0,NA,NA,NA,NA,NA,NA
17,Low,Large,Low-Large,Yes,0,60,1614.506532,0,0,NA,NA,NA,NA,NA,NA
18,High,Large,High-Large,Yes,0,60,1511.221024,0,0,NA,NA,NA,NA,NA,NA
19,Low,Large,Low-Large,Yes,0,60,1389.810392,0,0,NA,NA,NA,NA,NA,NA
20,Low,Intermediate,Low-Intermediate,No,0,60,620.5995297,0,0,NA,NA,NA,NA,NA,NA
21,High,Intermediate,High-Intermediate,Yes,0,60,643.5743326,0,0,NA,NA,NA,NA,NA,NA
22,High,Small,High-Small,Yes,0,60,91.50328837,0,0,NA,NA,NA,NA,NA,NA
23,High,Intermediate,High-Intermediate,No,0,60,698.7152175,0,0,NA,NA,NA,NA,NA,NA
24,High,Intermediate,High-Intermediate,Yes,0,60,688.5826094,0,0,NA,NA,NA,NA,NA,NA
25,Low,Small,Low-Small,Yes,0,60,76.63342412,0,0,NA,NA,NA,NA,NA,NA
26,Low,Small,Low-Small,Yes,0,60,91.64662495,0,0,NA,NA,NA,NA,NA,NA
27,Low,Large,Low-Large,Yes,0,60,1662.890711,0,0,NA,NA,NA,NA,NA,NA
28,High,Small,High-Small,Yes,0,60,80.45898062,0,0,NA,NA,NA,NA,NA,NA
29,Low,Small,Low-Small,No,0,60,77.8251118,0,0,NA,NA,NA,NA,NA,NA
30,Low,Small,Low-Small,Yes,0,60,79.90954576,0,0,NA,NA,NA,NA,NA,NA
31,High,Large,High-Large,Yes,0,60,1845.418041,0,0,NA,NA,NA,NA,NA,NA
32,High,Small,High-Small,Yes,0,60,90.08238692,0,0,NA,NA,NA,NA,NA,NA
33,Low,Intermediate,Low-Intermediate,Yes,0,60,662.514321,0,0,NA,NA,NA,NA,NA,NA
34,Low,Intermediate,Low-Intermediate,Yes,0,60,612.2562342,0,0,NA,NA,NA,NA,NA,NA
35,High,Large,High-Large,No,0,60,1722.263705,0,0,NA,NA,NA,NA,NA,NA
36,Low,Large,Low-Large,Yes,0,60,1841.168571,0,0,NA,NA,NA,NA,NA,NA
37,High,Intermediate,High-Intermediate,Yes,0,60,618.1296767,0,0,NA,NA,NA,NA,NA,NA
38,High,Small,High-Small,No,0,60,78.78374744,0,0,NA,NA,NA,NA,NA,NA
39,High,Large,High-Large,Yes,0,60,1834.282195,0,0,NA,NA,NA,NA,NA,NA
40,Low,Intermediate,Low-Intermediate,Yes,0,60,581.7226864,0,0,NA,NA,NA,NA,NA,NA
41,High,Intermediate,High-Intermediate,Yes,0,60,586.1401335,0,0,NA,NA,NA,NA,NA,NA
42,High,Large,High-Large,Yes,0,60,2315.872145,0,0,NA,NA,NA,NA,NA,NA
43,High,Intermediate,High-Intermediate,Yes,0,60,611.1698394,0,0,NA,NA,NA,NA,NA,NA
44,High,Large,High-Large,Yes,0,60,2178.03741,0,0,NA,NA,NA,NA,NA,NA
45,Low,Large,Low-Large,Yes,0,60,1914.992974,0,0,NA,NA,NA,NA,NA,NA
46,High,Intermediate,High-Intermediate,Yes,0,60,654.5660139,0,0,NA,NA,NA,NA,NA,NA
47,Low,Small,Low-Small,No,0,60,81.30104696,0,0,NA,NA,NA,NA,NA,NA
48,High,Intermediate,High-Intermediate,No,0,60,614.9186063,0,0,NA,NA,NA,NA,NA,NA
1,High,Small,High-Small,No,1,1,5.635267115,0,0,6,0,2585,7301,1,2.817633558
2,Low,Intermediate,Low-Intermediate,Yes,1,4,35.97459977,0,0,6,0,1005.333333,4711.333333,2,17.98729989
3,Low,Intermediate,Low-Intermediate,Yes,1,10,78.28057565,0,0,6,1,1327.333333,7253,5,39.14028783
4,High,Small,High-Small,Yes,1,7,8.627524657,0,0,6,0,1398.666667,8211.666667,4,4.313762329
5,High,Small,High-Small,Yes,1,4,4.803403735,0,0,6,0,2340.666667,4293,2,2.401701868
6,Low,Small,Low-Small,Yes,1,6,12.02633678,0,0,6,0,1685.333333,4076.666667,3,6.01316839
7,High,Large,High-Large,No,1,10,331.0634697,0,0,6,7,1312,5499,5,165.5317349
8,Low,Large,Low-Large,Yes,1,10,247.9445911,0,0,6,10,1840,7333,5,123.9722956
9,Low,Small,Low-Small,Yes,1,17,182.4672136,0,0,6,1,798.3333333,2217.333333,9,91.2336068
10,Low,Small,Low-Small,Yes,1,13,44.06196011,0,0,6,0,1080.666667,1991.333333,7,22.03098006
11,High,Large,High-Large,Yes,1,11,320.7705054,0,0,6,22,3072,5748.666667,6,160.3852527
12,Low,Large,Low-Large,No,1,20,364.1692828,0,0,6,0,1327,7032.666667,10,182.0846414
13,Low,Intermediate,Low-Intermediate,Yes,1,13,138.006119,0,0,6,2,784.3333333,6089.333333,7,69.0030595
14,High,Small,High-Small,Yes,1,11,66.15141393,0,0,6,0,2895,3892,6,33.07570697
15,Low,Large,Low-Large,No,1,14,402.768418,0,0,6,2,1562.333333,4991.333333,7,201.384209
16,Low,Intermediate,Low-Intermediate,No,1,11,103.4185013,0,0,6,5,1767.333333,2296.666667,6,51.70925065
17,Low,Large,Low-Large,Yes,1,13,352.4891654,0,0,6,10,1276.666667,2421,7,176.2445827
18,High,Large,High-Large,Yes,1,26,617.7950902,0,0,6,37,1850.666667,2335,13,308.8975451
19,Low,Large,Low-Large,Yes,1,11,179.577017,0,0,6,0,1721.333333,4970,6,89.7885085
20,Low,Intermediate,Low-Intermediate,No,1,14,265.1892146,0,0,6,1,1320,2609.666667,7,132.5946073
21,High,Intermediate,High-Intermediate,Yes,1,26,189.1812518,0,0,6,1,2593,3058.666667,13,94.5906259
22,High,Small,High-Small,Yes,1,11,86.33777738,0,0,6,0,4357,9340.333333,6,43.16888869
23,High,Intermediate,High-Intermediate,No,1,11,92.06906254,0,0,6,0,1904.666667,3283.666667,6,46.03453127
24,High,Intermediate,High-Intermediate,Yes,1,17,121.4325024,0,0,6,0,1440,1007,9,60.7162512
25,Low,Small,Low-Small,Yes,1,14,121.1585167,0,0,6,0,840,1420.666667,7,60.57925835
26,Low,Small,Low-Small,Yes,1,9,12.61031065,0,0,6,0,1638,4804,5,6.305155325
27,Low,Large,Low-Large,Yes,1,15,275.6538425,0,0,6,0,1967.666667,9022.666667,8,137.8269213
28,High,Small,High-Small,Yes,1,16,15.53196896,0,0,6,0,477.3333333,10113.66667,8,7.76598448
29,Low,Small,Low-Small,No,1,9,11.58700877,0,0,6,0,1308,7240.666667,5,5.793504385
30,Low,Small,Low-Small,Yes,1,5,6.818447817,0,0,6,0,1272.333333,3218.666667,3,3.409223909
31,High,Large,High-Large,Yes,1,21,627.8913991,0,0,6,21,1577.666667,1026.333333,11,313.9456996
32,High,Small,High-Small,Yes,1,10,13.97539638,0,0,6,0,1491.666667,5752.666667,5,6.98769819
33,Low,Intermediate,Low-Intermediate,Yes,1,15,123.8412991,0,0,6,0,1444.666667,4354.666667,8,61.92064955
34,Low,Intermediate,Low-Intermediate,Yes,1,14,98.28097363,0,0,6,1,1158,5052.666667,7,49.14048682
35,High,Large,High-Large,No,1,20,507.5410598,0,0,6,1,1492,5826.333333,10,253.7705299
36,Low,Large,Low-Large,Yes,1,16,385.5444357,0,0,6,1,1297.333333,5779.666667,8,192.7722179
37,High,Intermediate,High-Intermediate,Yes,1,15,120.7658088,0,0,6,0,1532.666667,1700,8,60.3829044
38,High,Small,High-Small,No,1,8,11.1482813,0,0,6,0,1236.666667,11664.66667,4,5.57414065
39,High,Large,High-Large,Yes,1,12,297.4504292,0,0,6,1,968,6486.333333,6,148.7252146
40,Low,Intermediate,Low-Intermediate,Yes,1,8,100.0779662,0,0,6,1,810.3333333,9562,4,50.0389831
41,High,Intermediate,High-Intermediate,Yes,1,16,295.0941164,0,0,6,5,2582.666667,2661.333333,8,147.5470582
42,High,Large,High-Large,Yes,1,11,529.2385155,0,0,6,2,1444.666667,4528.666667,6,264.6192578
43,High,Intermediate,High-Intermediate,Yes,1,10,84.35320959,0,0,6,0,1757.666667,17377.66667,5,42.1766048
44,High,Large,High-Large,Yes,1,13,342.6876637,0,0,6,0,2265.666667,1842.333333,7,171.3438319
45,Low,Large,Low-Large,Yes,1,17,604.2118898,0,0,6,8,537,4761.333333,9,302.1059449
46,High,Intermediate,High-Intermediate,Yes,1,18,218.4038635,0,0,6,5,1303,9173.666667,9,109.2019318
47,Low,Small,Low-Small,No,1,12,82.92807736,0,0,6,0,178.3333333,2401.333333,6,41.46403868
48,High,Intermediate,High-Intermediate,No,1,12,121.5036729,0,0,6,3,1359,3783.666667,6,60.75183645
1,High,Small,High-Small,No,2,5,44.6674758,0,0,6,1,1811,13077.33333,3,22.3337379
2,Low,Intermediate,Low-Intermediate,Yes,2,12,114.9559558,0,0,6,4,1496.666667,14666.33333,6,57.4779779
3,Low,Intermediate,Low-Intermediate,Yes,2,11,286.4264058,0,0,6,198,227.6666667,1261.333333,6,143.2132029
4,High,Small,High-Small,Yes,2,10,17.65303231,0,0,6,0,1212.333333,15852,5,8.826516155
5,High,Small,High-Small,Yes,2,4,24.6537451,0,0,6,11,1012.666667,18170.66667,2,12.32687255
6,Low,Small,Low-Small,Yes,2,9,132.8900751,0,0,6,13,684,13135,5,66.44503755
7,High,Large,High-Large,No,2,11,282.9182213,0,0,6,23,1712.666667,18642.33333,6,141.4591107
8,Low,Large,Low-Large,Yes,2,39,890.6349286,0,0,6,21,715.3333333,1368.333333,20,445.3174643
9,Low,Small,Low-Small,Yes,2,17,343.8244717,0,0,6,13,456.3333333,1244,9,171.9122359
10,Low,Small,Low-Small,Yes,2,12,47.69555174,0,0,6,0,546,1866,6,23.84777587
11,High,Large,High-Large,Yes,2,32,608.0448345,0,0,6,41,2039.333333,3518,16,304.0224173
12,Low,Large,Low-Large,No,2,14,357.5959587,0,0,6,2,1520.333333,19093.33333,7,178.7979794
13,Low,Intermediate,Low-Intermediate,Yes,2,53,331.2595345,0,0,6,31,401,2584.333333,27,165.6297673
14,High,Small,High-Small,Yes,2,17,253.7523008,0,0,6,11,2836.333333,10519,9,126.8761504
15,Low,Large,Low-Large,No,2,84,719.4727467,0,0,6,43,648,2601,42,359.7363734
16,Low,Intermediate,Low-Intermediate,No,2,15,153.5910679,0,0,6,16,628.3333333,10881,8,76.79553395
17,Low,Large,Low-Large,Yes,2,54,662.8333768,0,0,6,0,457,717,27,331.4166884
18,High,Large,High-Large,Yes,2,51,492.0659872,0,0,6,40,2823.333333,5276,26,246.0329936
19,Low,Large,Low-Large,Yes,2,27,464.4844804,0,0,6,6,597,17879.66667,14,232.2422402
20,Low,Intermediate,Low-Intermediate,No,2,24,551.4267462,0,0,6,11,265.3333333,1464,12,275.7133731
21,High,Intermediate,High-Intermediate,Yes,2,25,344.0087422,0,0,6,13,2293.666667,12322.66667,13,172.0043711
22,High,Small,High-Small,Yes,2,8,78.22083823,0,0,6,9,2916.666667,2793,4,39.11041912
23,High,Intermediate,High-Intermediate,No,2,16,209.9383868,0,0,6,4,2178,8018,8,104.9691934
24,High,Intermediate,High-Intermediate,Yes,2,12,123.061655,0,0,6,0,2475.666667,3105.666667,6,61.5308275
25,Low,Small,Low-Small,Yes,2,10,139.4697811,0,0,6,5,263.6666667,1375,5,69.73489055
26,Low,Small,Low-Small,Yes,2,3,9.138653754,0,0,6,0,1749.666667,6954.333333,2,4.569326877
27,Low,Large,Low-Large,Yes,2,23,186.6379671,0,0,6,7,859.6666667,3010.333333,12,93.31898355
28,High,Small,High-Small,Yes,2,15,80.90268307,0,0,6,2,2082,16028.33333,8,40.45134154
29,Low,Small,Low-Small,No,2,11,37.28612537,0,0,6,0,2353,4825,6,18.64306269
30,Low,Small,Low-Small,Yes,2,10,23.14823936,0,0,6,0,926.3333333,5566.666667,5,11.57411968
31,High,Large,High-Large,Yes,2,19,604.2384793,0,0,6,21,646.6666667,931.6666667,10,302.1192397
32,High,Small,High-Small,Yes,2,15,69.82821468,0,0,6,2,1569.333333,16845.66667,8,34.91410734
33,Low,Intermediate,Low-Intermediate,Yes,2,16,161.4976792,0,0,6,7,1226,4823.666667,8,80.7488396
34,Low,Intermediate,Low-Intermediate,Yes,2,16,107.5796841,0,0,6,0,1132,10978.33333,8,53.78984205
35,High,Large,High-Large,No,2,40,406.3552923,0,0,6,16,4592,5474.666667,20,203.1776462
36,Low,Large,Low-Large,Yes,2,16,221.7824228,0,0,6,0,1372,12505.66667,8,110.8912114
37,High,Intermediate,High-Intermediate,Yes,2,13,130.7113618,0,0,6,0,1997,1980.666667,7,65.3556809
38,High,Small,High-Small,No,2,12,169.3219977,0,0,6,17,1390.666667,15656,6,84.66099885
39,High,Large,High-Large,Yes,2,30,594.0833604,0,0,6,27,545,3434.333333,15,297.0416802
40,Low,Intermediate,Low-Intermediate,Yes,2,22,755.342663,0,0,6,12,1802,2182.333333,11,377.6713315
41,High,Intermediate,High-Intermediate,Yes,2,15,368.6292105,0,0,6,35,2020,5318,8,184.3146053
42,High,Large,High-Large,Yes,2,27,480.165236,0,0,6,9,369.6666667,2121.333333,14,240.082618
43,High,Intermediate,High-Intermediate,Yes,2,16,84.3674825,0,0,6,1,2104.666667,12476,8,42.18374125
44,High,Large,High-Large,Yes,2,28,478.822213,0,0,6,0,4732.666667,3440.333333,14,239.4111065
45,Low,Large,Low-Large,Yes,2,80,650.6376378,0,0,6,0,449.3333333,946,40,325.3188189
46,High,Intermediate,High-Intermediate,Yes,2,33,444.4503935,0,0,6,18,2373.666667,5849,17,222.2251968
47,Low,Small,Low-Small,No,2,13,253.4942907,0,0,6,4,274.3333333,1765,7,126.7471454
48,High,Intermediate,High-Intermediate,No,2,25,334.4038317,0,0,6,10,1932,4855.333333,13,167.2019159
1,High,Small,High-Small,No,3,5,140.4499255,0,0,6,10,1177,3293.666667,3,70.22496275
2,Low,Intermediate,Low-Intermediate,Yes,3,21,331.8412655,0,0,6,25,155.3333333,1695.666667,11,165.9206328
3,Low,Intermediate,Low-Intermediate,Yes,3,30,479.3694071,0,0,6,13,143.6666667,919,15,239.6847036
4,High,Small,High-Small,Yes,3,10,149.7201375,0,0,6,3,1258,5728.666667,5,74.86006875
5,High,Small,High-Small,Yes,3,12,358.3765666,0,0,6,47,1639,4836.666667,6,179.1882833
6,Low,Small,Low-Small,Yes,3,15,405.6457058,0,0,6,41,80.33333333,369.3333333,8,202.8228529
7,High,Large,High-Large,No,3,55,735.0845725,0,0,6,38,1480.333333,4753.333333,28,367.5422863
8,Low,Large,Low-Large,Yes,3,61,754.4494772,0,0,6,3,502,865,31,377.2247386
9,Low,Small,Low-Small,Yes,3,30,708.3193235,0,0,6,5,108.6666667,1005,15,354.1596618
10,Low,Small,Low-Small,Yes,3,8,31.08075301,0,0,6,0,280.3333333,1738.666667,4,15.54037651
11,High,Large,High-Large,Yes,3,328,883.0940438,0,0,6,4,1203.666667,1788.333333,164,441.5470219
12,Low,Large,Low-Large,No,3,181,761.2699365,0,0,6,38,147,530.6666667,91,380.6349683
13,Low,Intermediate,Low-Intermediate,Yes,3,100,825.7045777,0,0,6,2,288,501,50,412.8522889
14,High,Small,High-Small,Yes,3,17,414.8434247,0,0,6,21,1248.666667,2930,9,207.4217124
15,Low,Large,Low-Large,No,3,131,1191.195393,0,0,6,1,172.6666667,362.3333333,66,595.5976965
16,Low,Intermediate,Low-Intermediate,No,3,67,182.926909,0,0,3,6,115,367.6666667,67,182.926909
17,Low,Large,Low-Large,Yes,3,113,508.4250966,0,0,6,0,309.3333333,792,57,254.2125483
18,High,Large,High-Large,Yes,3,75,353.9333563,0,0,3,38,772.6666667,1508,75,353.9333563
19,Low,Large,Low-Large,Yes,3,55,286.7058809,0,0,3,16,228.6666667,805,55,286.7058809
20,Low,Intermediate,Low-Intermediate,No,3,119,517.3247544,0,0,6,1,196.3333333,649.6666667,60,258.6623772
21,High,Intermediate,High-Intermediate,Yes,3,36,361.9239547,0,0,6,9,996.6666667,10880.66667,18,180.9619774
22,High,Small,High-Small,Yes,3,23,314.045446,0,0,6,12,432.6666667,2442.333333,12,157.022723
23,High,Intermediate,High-Intermediate,No,3,33,397.5064936,0,0,6,40,810.6666667,2118.666667,17,198.7532468
24,High,Intermediate,High-Intermediate,Yes,3,101,198.1260486,0,0,6,0,5152,9586.333333,51,99.0630243
25,Low,Small,Low-Small,Yes,3,9,176.9285969,0,0,6,6,154,673.6666667,5,88.46429845
26,Low,Small,Low-Small,Yes,3,18,321.3680413,0,0,6,4,100.3333333,228,9,160.6840207
27,Low,Large,Low-Large,Yes,3,46,309.8222542,0,0,6,14,75.33333333,470,23,154.9111271
28,High,Small,High-Small,Yes,3,6,123.6987807,0,0,6,24,575,2458.333333,3,61.84939035
29,Low,Small,Low-Small,No,3,6,94.1212677,0,0,6,42,200,526,3,47.06063385
30,Low,Small,Low-Small,Yes,3,14,175.0219477,0,0,6,4,355.3333333,4832,7,87.51097385
31,High,Large,High-Large,Yes,3,17,550.0082861,0,0,6,18,1997,3920,9,275.0041431
32,High,Small,High-Small,Yes,3,8,128.6150803,0,0,6,31,1791.666667,17191.66667,4,64.30754015
33,Low,Intermediate,Low-Intermediate,Yes,3,115,1091.906767,0,0,6,30,183.3333333,511,58,545.9533835
34,Low,Intermediate,Low-Intermediate,Yes,3,25,555.1146837,0,0,6,6,105,572,13,277.5573419
35,High,Large,High-Large,No,3,92,1318.585126,0,0,6,41,896,5128.333333,46,659.292563
36,Low,Large,Low-Large,Yes,3,141,710.8626443,0,0,6,0,479,2063.333333,71,355.4313222
37,High,Intermediate,High-Intermediate,Yes,3,97,348.2031183,0,0,6,0,3154.666667,14187.33333,49,174.1015592
38,High,Small,High-Small,No,3,21,611.0582183,0,0,6,87,1321,17540.33333,11,305.5291092
39,High,Large,High-Large,Yes,3,33,680.3769924,0,0,6,13,148.6666667,8337.333333,17,340.1884962
40,Low,Intermediate,Low-Intermediate,Yes,3,215,1241.154109,0,0,6,16,83.66666667,896.3333333,108,620.5770545
41,High,Intermediate,High-Intermediate,Yes,3,42,656.54327,0,0,6,37,1272.333333,3046,21,328.271635
42,High,Large,High-Large,Yes,3,147,792.218192,0,0,3,3,450,333.3333333,147,792.218192
43,High,Intermediate,High-Intermediate,Yes,3,61,437.9392523,0,0,6,7,615.3333333,6522.333333,31,218.9696262
44,High,Large,High-Large,Yes,3,261,585.4000655,0,0,6,1,5393.333333,2059,131,292.7000328
45,Low,Large,Low-Large,Yes,3,228,557.0627608,0,0,6,0,145.6666667,524,114,278.5313804
46,High,Intermediate,High-Intermediate,Yes,3,73,572.5295353,0,0,6,47,133.3333333,1424,37,286.2647677
47,Low,Small,Low-Small,No,3,18,477.6094426,0,0,6,6,313,741.6666667,9,238.8047213
48,High,Intermediate,High-Intermediate,No,3,29,600.5640597,0,0,6,12,477.3333333,1946.666667,15,300.2820299
1,High,Small,High-Small,No,4,5,128.36616,0,0,3,37,1021,2044.666667,5,128.36616
2,Low,Intermediate,Low-Intermediate,Yes,4,38,324.5019403,0,0,3,9,160,1060.666667,38,324.5019403
3,Low,Intermediate,Low-Intermediate,Yes,4,44,49.44147194,0,0,3,0,177.6666667,1486,44,49.44147194
4,High,Small,High-Small,Yes,4,8,239.0860756,1678,3,3,22,234.3333333,11614.66667,8,239.0860756
5,High,Small,High-Small,Yes,4,19,804.799077,198,1,3,8,296,6856.666667,19,804.799077
6,Low,Small,Low-Small,Yes,4,47,573.1590881,18352,7,3,10,256,618.3333333,47,573.1590881
7,High,Large,High-Large,No,4,75,517.992792,0,0,3,1,967,2506,75,517.992792
8,Low,Large,Low-Large,Yes,4,58,240.7058324,0,0,3,0,509.6666667,2167,58,240.7058324
9,Low,Small,Low-Small,Yes,4,18,295.2868375,393,1,3,0,204.6666667,1289,18,295.2868375
10,Low,Small,Low-Small,Yes,4,1,2.724983628,0,0,3,0,91.33333333,8402.333333,1,2.724983628
11,High,Large,High-Large,Yes,4,153,189.3591278,1408,1,3,0,829,945.3333333,153,189.3591278
12,Low,Large,Low-Large,No,4,67,578.4643539,0,0,3,1,130.3333333,416,67,578.4643539
13,Low,Intermediate,Low-Intermediate,Yes,4,22,189.4255583,0,0,3,0,441,752.6666667,22,189.4255583
14,High,Small,High-Small,Yes,4,7,251.6291377,3555,3,3,23,749,3848.333333,7,251.6291377
15,Low,Large,Low-Large,No,4,65,1343.348059,0,0,3,0,90,471.6666667,65,1343.348059
16,Low,Intermediate,Low-Intermediate,No,4,67,417.7674165,0,0,3,0,341.6666667,680,67,417.7674165
17,Low,Large,Low-Large,Yes,4,114,377.1548712,129,1,3,0,255.3333333,430.3333333,114,377.1548712
18,High,Large,High-Large,Yes,4,65,626.6416404,2115,2,3,5,167.3333333,726.6666667,65,626.6416404
19,Low,Large,Low-Large,Yes,4,92,981.0393663,0,0,3,0,101.3333333,355.3333333,92,981.0393663
20,Low,Intermediate,Low-Intermediate,No,4,54,370.2236366,0,0,3,0,361.3333333,614.6666667,54,370.2236366
21,High,Intermediate,High-Intermediate,Yes,4,22,527.6813315,2277,2,3,17,430,5013.666667,22,527.6813315
22,High,Small,High-Small,Yes,4,35,113.5478998,0,0,3,24,170.3333333,4503.666667,35,113.5478998
23,High,Intermediate,High-Intermediate,No,4,28,593.7090051,0,0,3,37,105,541.3333333,28,593.7090051
24,High,Intermediate,High-Intermediate,Yes,4,55,117.5313441,4209,3,3,0,6016,7408.333333,55,117.5313441
25,Low,Small,Low-Small,Yes,4,13,433.1653008,3095,4,3,1,280,834,13,433.1653008
26,Low,Small,Low-Small,Yes,4,16,652.2101185,9493,9,3,8,91.66666667,308,16,652.2101185
27,Low,Large,Low-Large,Yes,4,32,503.0475791,2733,1,3,0,78.33333333,770.3333333,32,503.0475791
28,High,Small,High-Small,Yes,4,6,286.1578592,0,0,3,10,149.3333333,2047,6,286.1578592
29,Low,Small,Low-Small,No,4,3,57.71417564,0,0,3,21,321.3333333,903,3,57.71417564
30,Low,Small,Low-Small,Yes,4,12,475.7521318,800,2,3,9,48.33333333,441.6666667,12,475.7521318
31,High,Large,High-Large,Yes,4,34,515.7295443,853,1,3,20,3123,7400,34,515.7295443
32,High,Small,High-Small,Yes,4,7,160.3063055,1515,4,3,13,230.6666667,3079.333333,7,160.3063055
33,Low,Intermediate,Low-Intermediate,Yes,4,33,309.8464821,0,0,3,1,152.6666667,460,33,309.8464821
34,Low,Intermediate,Low-Intermediate,Yes,4,41,1424.348213,633,7,3,3,276,1979.333333,41,1424.348213
35,High,Large,High-Large,No,4,57,869.9703824,0,0,3,22,2022,10600.33333,57,869.9703824
36,Low,Large,Low-Large,Yes,4,62,538.9465059,0,0,3,0,78.66666667,384,62,538.9465059
37,High,Intermediate,High-Intermediate,Yes,4,69,179.1713,4204,2,3,2,5527.666667,6507.333333,69,179.1713
38,High,Small,High-Small,No,4,31,821.5787462,0,0,3,28,5321,2703.666667,31,821.5787462
39,High,Large,High-Large,Yes,4,37,324.4356652,7856,3,3,6,542,1919.333333,37,324.4356652
40,Low,Intermediate,Low-Intermediate,Yes,4,61,504.4089269,2965,3,3,0,114,1226.333333,61,504.4089269
41,High,Intermediate,High-Intermediate,Yes,4,49,365.2887156,0,0,3,13,479,3041,49,365.2887156
42,High,Large,High-Large,Yes,4,79,438.1915477,0,0,3,0,67.33333333,755.6666667,79,438.1915477
43,High,Intermediate,High-Intermediate,Yes,4,24,563.5412775,295,2,3,38,86.66666667,1410.666667,24,563.5412775
44,High,Large,High-Large,Yes,4,138,310.0243348,0,0,3,0,5783.666667,2644.666667,138,310.0243348
45,Low,Large,Low-Large,Yes,4,53,422.6365002,1266,2,3,0,113.6666667,1357.666667,53,422.6365002
46,High,Intermediate,High-Intermediate,Yes,4,92,556.7155367,0,0,3,22,465,1842,92,556.7155367
47,Low,Small,Low-Small,No,4,4,78.75613876,0,0,3,2,315.3333333,768.3333333,4,78.75613876
48,High,Intermediate,High-Intermediate,No,4,13,398.1895401,0,0,3,21,126,1818,13,398.1895401
1,High,Small,High-Small,No,5,37,287.3267897,0,0,3,69,724.3333333,3112.666667,37,287.3267897
2,Low,Intermediate,Low-Intermediate,Yes,5,85,648.6790139,0,0,3,0,139.3333333,389.6666667,85,648.6790139
3,Low,Intermediate,Low-Intermediate,Yes,5,42,470.2934729,1222,2,3,0,81.66666667,3027,42,470.2934729
4,High,Small,High-Small,Yes,5,6,274.8066707,55,1,3,11,137.3333333,5197.666667,6,274.8066707
5,High,Small,High-Small,Yes,5,11,598.1512617,33,2,3,13,152.3333333,4849.666667,11,598.1512617
6,Low,Small,Low-Small,Yes,5,69,500.2878665,756,2,3,0,297.3333333,574,69,500.2878665
7,High,Large,High-Large,No,5,102,422.9655352,0,0,3,0,631.3333333,807.6666667,102,422.9655352
8,Low,Large,Low-Large,Yes,5,57,128.216399,259,1,3,0,721.6666667,904,57,128.216399
9,Low,Small,Low-Small,Yes,5,90,125.6967768,103,1,3,0,302,623,90,125.6967768
10,Low,Small,Low-Small,Yes,5,0,0,0,0,3,0,79.66666667,7018.666667,0,0
11,High,Large,High-Large,Yes,5,144,294.3549362,0,0,3,0,486,845,144,294.3549362
12,Low,Large,Low-Large,No,5,85,549.3233356,0,0,3,0,360.6666667,422,85,549.3233356
13,Low,Intermediate,Low-Intermediate,Yes,5,44,259.5350542,0,0,3,0,410,806.6666667,44,259.5350542
14,High,Small,High-Small,Yes,5,14,239.4530108,776,1,3,19,375,1466.333333,14,239.4530108
15,Low,Large,Low-Large,No,5,58,751.9306951,0,0,3,0,54.66666667,2040,58,751.9306951
16,Low,Intermediate,Low-Intermediate,No,5,108,588.2240636,0,0,3,0,312.3333333,374.6666667,108,588.2240636
17,Low,Large,Low-Large,Yes,5,160,509.427535,291,1,3,0,139.6666667,351.6666667,160,509.427535
18,High,Large,High-Large,Yes,5,79,926.2110345,0,0,3,0,251,5035,79,926.2110345
19,Low,Large,Low-Large,Yes,5,74,836.7707781,5692,14,3,0,56.66666667,1531.666667,74,836.7707781
20,Low,Intermediate,Low-Intermediate,No,5,113,312.0321449,0,0,3,0,372,579.3333333,113,312.0321449
21,High,Intermediate,High-Intermediate,Yes,5,78,645.7904464,3137,1,3,10,735.6666667,415,78,645.7904464
22,High,Small,High-Small,Yes,5,106,189.2131466,0,0,3,5,85.33333333,5027.333333,106,189.2131466
23,High,Intermediate,High-Intermediate,No,5,34,647.6522013,0,0,3,4,85.33333333,958,34,647.6522013
24,High,Intermediate,High-Intermediate,Yes,5,98,319.441493,390,1,3,0,5729.666667,3013,98,319.441493
25,Low,Small,Low-Small,Yes,5,37,255.0827236,3312,3,3,0,167.3333333,349.6666667,37,255.0827236
26,Low,Small,Low-Small,Yes,5,6,258.7840619,7291,2,3,5,70.66666667,463.6666667,6,258.7840619
27,Low,Large,Low-Large,Yes,5,35,365.6915172,1809,5,3,0,102.6666667,5011.333333,35,365.6915172
28,High,Small,High-Small,Yes,5,77,253.44021,0,0,3,9,425.3333333,1415.333333,77,253.44021
29,Low,Small,Low-Small,No,5,8,248.1297758,0,0,3,10,279,2012.333333,8,248.1297758
30,Low,Small,Low-Small,Yes,5,35,446.3056357,2160,3,3,14,147,472,35,446.3056357
31,High,Large,High-Large,Yes,5,184,773.4952284,0,0,3,34,367.3333333,502,184,773.4952284
32,High,Small,High-Small,Yes,5,13,198.6584711,321,1,3,6,1279,9044.333333,13,198.6584711
33,Low,Intermediate,Low-Intermediate,Yes,5,85,169.8983937,521,2,3,0,173,1115.666667,85,169.8983937
34,Low,Intermediate,Low-Intermediate,Yes,5,88,521.6672748,4801,5,3,0,152.3333333,511.3333333,88,521.6672748
35,High,Large,High-Large,No,5,78,1435.009236,0,0,3,2,457.3333333,2161.666667,78,1435.009236
36,Low,Large,Low-Large,Yes,5,53,459.5320706,1916,3,3,0,299.6666667,437,53,459.5320706
37,High,Intermediate,High-Intermediate,Yes,5,85,241.3962997,296,2,3,0,8369.666667,5026.666667,85,241.3962997
38,High,Small,High-Small,No,5,148,399.6819886,0,0,3,13,371.6666667,956.6666667,148,399.6819886
39,High,Large,High-Large,Yes,5,56,255.4051265,0,0,3,1,162.3333333,604,56,255.4051265
40,Low,Intermediate,Low-Intermediate,Yes,5,42,103.4139233,826,1,3,0,458,1766.666667,42,103.4139233
41,High,Intermediate,High-Intermediate,Yes,5,56,453.2915985,221,1,3,4,425,2989.666667,56,453.2915985
42,High,Large,High-Large,Yes,5,215,825.6122421,1059,11,3,8,77.66666667,4344,215,825.6122421
43,High,Intermediate,High-Intermediate,Yes,5,19,575.8238903,1550,1,3,21,1595.666667,6003,19,575.8238903
44,High,Large,High-Large,Yes,5,159,454.2570469,0,0,3,0,4879.666667,2324,159,454.2570469
45,Low,Large,Low-Large,Yes,5,77,262.8917007,32,1,3,0,296.3333333,1282,77,262.8917007
46,High,Intermediate,High-Intermediate,Yes,5,80,563.0380783,0,0,3,1,405,1966,80,563.0380783
47,Low,Small,Low-Small,No,5,26,499.7883127,0,0,3,1,200,849.6666667,26,499.7883127
48,High,Intermediate,High-Intermediate,No,5,20,583.6723167,0,0,3,4,138.6666667,584.6666667,20,583.6723167
1,High,Small,High-Small,No,6,40,495.7314466,0,0,3,27,236.6666667,1085.333333,40,495.7314466
2,Low,Intermediate,Low-Intermediate,Yes,6,76,870.7467047,384,3,3,0,394.3333333,108.6666667,76,870.7467047
3,Low,Intermediate,Low-Intermediate,Yes,6,42,556.3670365,229,5,3,0,1535.333333,2637,42,556.3670365
4,High,Small,High-Small,Yes,6,6,356.3196666,0,0,3,10,73.66666667,617,6,356.3196666
5,High,Small,High-Small,Yes,6,114,701.3896925,1084,1,3,4,123.3333333,6083,114,701.3896925
6,Low,Small,Low-Small,Yes,6,118,285.576082,0,0,3,0,472.6666667,479.3333333,118,285.576082
7,High,Large,High-Large,No,6,132,503.9587354,0,0,3,0,378,938.3333333,132,503.9587354
8,Low,Large,Low-Large,Yes,6,119,280.285824,241,1,3,0,468,1010,119,280.285824
9,Low,Small,Low-Small,Yes,6,90,321.2397042,0,0,3,0,328.3333333,597.3333333,90,321.2397042
10,Low,Small,Low-Small,Yes,6,2,54.40237086,0,0,3,0,213.3333333,3055.333333,2,54.40237086
11,High,Large,High-Large,Yes,6,172,240.3825436,0,0,3,0,278.3333333,1184.333333,172,240.3825436
12,Low,Large,Low-Large,No,6,33,219.339787,0,0,3,0,772.3333333,990,33,219.339787
13,Low,Intermediate,Low-Intermediate,Yes,6,29,141.8683558,433,1,3,0,450.3333333,605.3333333,29,141.8683558
14,High,Small,High-Small,Yes,6,52,819.2634957,0,0,3,10,129.3333333,1903,52,819.2634957
15,Low,Large,Low-Large,No,6,38,547.5566453,0,0,3,0,372.3333333,1022.666667,38,547.5566453
16,Low,Intermediate,Low-Intermediate,No,6,50,367.6065889,0,0,3,0,746,807.3333333,50,367.6065889
17,Low,Large,Low-Large,Yes,6,108,361.4356197,315,2,3,0,122,614.3333333,108,361.4356197
18,High,Large,High-Large,Yes,6,112,827.8758272,0,0,3,0,1552,3005.333333,112,827.8758272
19,Low,Large,Low-Large,Yes,6,75,409.490448,297,1,3,0,412.6666667,2207,75,409.490448
20,Low,Intermediate,Low-Intermediate,No,6,153,205.5567212,0,0,3,0,153,312.3333333,153,205.5567212
21,High,Intermediate,High-Intermediate,Yes,6,230,1389.50135,982,5,3,1,5002,1093.666667,230,1389.50135
22,High,Small,High-Small,Yes,6,186,243.978337,0,0,3,0,116.3333333,3206,186,243.978337
23,High,Intermediate,High-Intermediate,No,6,71,663.8947194,0,0,3,4,120.3333333,4735,71,663.8947194
24,High,Intermediate,High-Intermediate,Yes,6,131,417.2297798,2905,3,3,0,6123,1380,131,417.2297798
25,Low,Small,Low-Small,Yes,6,25,64.35240898,1561,2,3,0,271,384.6666667,25,64.35240898
26,Low,Small,Low-Small,Yes,6,48,152.0663179,0,0,3,3,398.6666667,4351.666667,48,152.0663179
27,Low,Large,Low-Large,Yes,6,77,335.0896628,0,0,3,0,603.6666667,1741.333333,77,335.0896628
28,High,Small,High-Small,Yes,6,153,477.8610498,0,0,3,9,670.6666667,1974,153,477.8610498
29,Low,Small,Low-Small,No,6,15,252.8651556,0,0,3,1,273.3333333,809.3333333,15,252.8651556
30,Low,Small,Low-Small,Yes,6,78,271.4375449,81,2,3,0,208.3333333,349,78,271.4375449
31,High,Large,High-Large,Yes,6,278,1068.624117,0,0,3,0,2006.333333,1183,278,1068.624117
32,High,Small,High-Small,Yes,6,97,182.0825057,0,0,3,11,1863,2511.666667,97,182.0825057
33,Low,Intermediate,Low-Intermediate,Yes,6,121,500.8016338,443,3,3,0,541,936,121,500.8016338
34,Low,Intermediate,Low-Intermediate,Yes,6,73,502.9256884,203,2,3,0,312.6666667,976.6666667,73,502.9256884
35,High,Large,High-Large,No,6,63,583.0203075,0,0,3,0,524,1732.333333,63,583.0203075
36,Low,Large,Low-Large,Yes,6,69,760.8553513,60,1,3,0,346.6666667,551.6666667,69,760.8553513
37,High,Intermediate,High-Intermediate,Yes,6,70,217.9350057,55,1,3,0,4559.333333,2202.666667,70,217.9350057
38,High,Small,High-Small,No,6,149,878.9183615,0,0,3,1,2082.666667,1292.666667,149,878.9183615
39,High,Large,High-Large,Yes,6,18,247.0409278,103,1,3,0,298.6666667,1463.666667,18,247.0409278
40,Low,Intermediate,Low-Intermediate,Yes,6,24,179.4400981,443,2,3,0,631.3333333,1437,24,179.4400981
41,High,Intermediate,High-Intermediate,Yes,6,82,481.4632707,0,0,3,1,981,1845,82,481.4632707
42,High,Large,High-Large,Yes,6,151,855.0672191,1388,1,3,1,90.66666667,5529.666667,151,855.0672191
43,High,Intermediate,High-Intermediate,Yes,6,66,970.0937593,0,0,3,4,1244.666667,4738.666667,66,970.0937593
44,High,Large,High-Large,Yes,6,224,414.8494411,0,0,3,6,2863.333333,1182.666667,224,414.8494411
45,Low,Large,Low-Large,Yes,6,56,500.6694049,22,1,3,0,540.3333333,733,56,500.6694049
46,High,Intermediate,High-Intermediate,Yes,6,40,355.4189963,0,0,3,0,1127,976,40,355.4189963
47,Low,Small,Low-Small,No,6,23,134.451836,0,0,3,0,232.6666667,600.3333333,23,134.451836
48,High,Intermediate,High-Intermediate,No,6,10,236.4591853,0,0,3,3,976.3333333,1853,10,236.4591853
1,High,Small,High-Small,No,7,92,693.4240902,0,0,3,17,432.3333333,2538.333333,92,693.4240902
2,Low,Intermediate,Low-Intermediate,Yes,7,74,423.8670513,608,5,3,0,437.6666667,579,74,423.8670513
3,Low,Intermediate,Low-Intermediate,Yes,7,39,306.1775238,0,0,3,0,2153.333333,9057.333333,39,306.1775238
4,High,Small,High-Small,Yes,7,180,64.30025547,0,0,3,5,3129,11510.33333,180,64.30025547
5,High,Small,High-Small,Yes,7,174,875.8933729,1127,1,3,12,1107.333333,11976.33333,174,875.8933729
6,Low,Small,Low-Small,Yes,7,90,262.0414836,0,0,3,0,164.6666667,669,90,262.0414836
7,High,Large,High-Large,No,7,103,621.4283239,0,0,3,0,2053,5244.333333,103,621.4283239
8,Low,Large,Low-Large,Yes,7,202,217.261156,48,1,3,0,84.66666667,554.6666667,202,217.261156
9,Low,Small,Low-Small,Yes,7,113,205.4450373,0,0,3,0,184,710,113,205.4450373
10,Low,Small,Low-Small,Yes,7,6,67.20580991,0,0,3,4,225,4778.666667,6,67.20580991
11,High,Large,High-Large,Yes,7,146,172.4326211,0,0,3,3,250.6666667,3352,146,172.4326211
12,Low,Large,Low-Large,No,7,36,322.9946977,0,0,3,0,1153.666667,1319.333333,36,322.9946977
13,Low,Intermediate,Low-Intermediate,Yes,7,55,263.9220163,179,1,3,0,497.6666667,949,55,263.9220163
14,High,Small,High-Small,Yes,7,49,252.0561921,0,0,3,7,1882.333333,2910.666667,49,252.0561921
15,Low,Large,Low-Large,No,7,25,259.8494172,0,0,3,0,693,1522,25,259.8494172
16,Low,Intermediate,Low-Intermediate,No,7,73,470.60793,0,0,3,0,1227,1279.333333,73,470.60793
17,Low,Large,Low-Large,Yes,7,147,267.0911712,0,0,3,0,187,797.6666667,147,267.0911712
18,High,Large,High-Large,Yes,7,113,1014.487432,293,6,3,0,227.6666667,3272.333333,113,1014.487432
19,Low,Large,Low-Large,Yes,7,63,344.6971148,357,1,3,0,241,2550,63,344.6971148
20,Low,Intermediate,Low-Intermediate,No,7,115,159.8256369,0,0,3,0,170.6666667,1280,115,159.8256369
21,High,Intermediate,High-Intermediate,Yes,7,213,774.6069561,2565,3,3,1,3653,1124.333333,213,774.6069561
22,High,Small,High-Small,Yes,7,188,160.8287499,0,0,3,0,1076,5737.666667,188,160.8287499
23,High,Intermediate,High-Intermediate,No,7,71,617.9337961,0,0,3,3,417,6247.666667,71,617.9337961
24,High,Intermediate,High-Intermediate,Yes,7,136,381.8201258,2,1,3,0,9253.666667,3112.666667,136,381.8201258
25,Low,Small,Low-Small,Yes,7,72,319.3178948,0,0,3,0,258.3333333,713,72,319.3178948
26,Low,Small,Low-Small,Yes,7,67,398.0898818,876,1,3,0,470,834.3333333,67,398.0898818
27,Low,Large,Low-Large,Yes,7,41,185.919683,0,0,3,0,1340.333333,1327,41,185.919683
28,High,Small,High-Small,Yes,7,143,765.0572943,0,0,3,0,5060.333333,2034.666667,143,765.0572943
29,Low,Small,Low-Small,No,7,32,408.2570632,0,0,3,4,488,721.6666667,32,408.2570632
30,Low,Small,Low-Small,Yes,7,127,443.2341249,0,0,3,1,242,436.6666667,127,443.2341249
31,High,Large,High-Large,Yes,7,240,652.7371295,0,0,3,0,1123,3698.666667,240,652.7371295
32,High,Small,High-Small,Yes,7,139,539.110593,2710,1,3,12,345.6666667,891.6666667,139,539.110593
33,Low,Intermediate,Low-Intermediate,Yes,7,97,314.9950351,156,1,3,0,669.3333333,1073.666667,97,314.9950351
34,Low,Intermediate,Low-Intermediate,Yes,7,118,361.8020891,121,2,3,0,793.6666667,813.6666667,118,361.8020891
35,High,Large,High-Large,No,7,90,500.2289403,0,0,3,0,259,3237.666667,90,500.2289403
36,Low,Large,Low-Large,Yes,7,50,527.8406585,1045,4,3,0,371.6666667,581,50,527.8406585
37,High,Intermediate,High-Intermediate,Yes,7,62,364.9755596,0,0,3,0,1766.333333,1681,62,364.9755596
38,High,Small,High-Small,No,7,368,902.2060017,0,0,3,0,4566,3036.666667,368,902.2060017
39,High,Large,High-Large,Yes,7,44,294.3944818,70,1,3,0,1205.333333,3385,44,294.3944818
40,Low,Intermediate,Low-Intermediate,Yes,7,48,155.4164969,0,0,3,0,301.6666667,1797.333333,48,155.4164969
41,High,Intermediate,High-Intermediate,Yes,7,93,639.8644737,446,2,3,0,1395,2550,93,639.8644737
42,High,Large,High-Large,Yes,7,194,995.9426676,11,3,3,0,602,5788.333333,194,995.9426676
43,High,Intermediate,High-Intermediate,Yes,7,121,1040.867643,2149,13,3,0,1237.666667,4983.333333,121,1040.867643
44,High,Large,High-Large,Yes,7,146,315.2876993,0,0,3,0,2121.333333,1984.666667,146,315.2876993
45,Low,Large,Low-Large,Yes,7,77,489.3096363,3,1,3,0,182.3333333,1130.666667,77,489.3096363
46,High,Intermediate,High-Intermediate,Yes,7,84,728.3130061,0,0,3,0,201.3333333,1802.333333,84,728.3130061
47,Low,Small,Low-Small,No,7,31,229.7641994,0,0,3,0,417.6666667,902.6666667,31,229.7641994
48,High,Intermediate,High-Intermediate,No,7,96,347.0530288,0,0,3,6,3804,4865,96,347.0530288
1,High,Small,High-Small,No,8,166,654.1605186,0,0,3,5,1293.333333,3496.666667,166,654.1605186
2,Low,Intermediate,Low-Intermediate,Yes,8,39,246.8772497,10,2,3,0,1420,751.6666667,39,246.8772497
3,Low,Intermediate,Low-Intermediate,Yes,8,35,245.0497875,0,0,3,0,956,1074.333333,35,245.0497875
4,High,Small,High-Small,Yes,8,217,275.7274491,0,0,3,0,3270.333333,6792.666667,217,275.7274491
5,High,Small,High-Small,Yes,8,229,916.8282968,57,1,3,0,3539.666667,8970.666667,229,916.8282968
6,Low,Small,Low-Small,Yes,8,63,426.6658728,65,1,3,0,177.3333333,885.3333333,63,426.6658728
7,High,Large,High-Large,No,8,80,832.2948022,0,0,3,0,655.3333333,2522.666667,80,832.2948022
8,Low,Large,Low-Large,Yes,8,133,102.5833548,0,0,3,0,673.3333333,731.6666667,133,102.5833548
9,Low,Small,Low-Small,Yes,8,222,372.1369237,0,0,3,0,123.6666667,672.6666667,222,372.1369237
10,Low,Small,Low-Small,Yes,8,49,290.0974768,0,0,3,1,627,2252.666667,49,290.0974768
11,High,Large,High-Large,Yes,8,398,704.9680374,0,0,3,1,272.3333333,5010.666667,398,704.9680374
12,Low,Large,Low-Large,No,8,45,334.601758,0,0,3,0,1135.333333,1445.333333,45,334.601758
13,Low,Intermediate,Low-Intermediate,Yes,8,37,216.3574662,0,0,3,0,663,1837.666667,37,216.3574662
14,High,Small,High-Small,Yes,8,89,611.0890613,334,1,3,3,707,3039.666667,89,611.0890613
15,Low,Large,Low-Large,No,8,33,234.9387234,0,0,3,0,1372.333333,1772.666667,33,234.9387234
16,Low,Intermediate,Low-Intermediate,No,8,65,609.7865737,0,0,3,0,1749.333333,2217.666667,65,609.7865737
17,Low,Large,Low-Large,Yes,8,94,336.0867516,0,0,3,0,350,519,94,336.0867516
18,High,Large,High-Large,Yes,8,57,543.2594938,1,1,3,0,1436.666667,4790.333333,57,543.2594938
19,Low,Large,Low-Large,Yes,8,136,401.9367591,87,3,3,0,519.3333333,1864.333333,136,401.9367591
20,Low,Intermediate,Low-Intermediate,No,8,134,340.8302148,0,0,3,0,267,465.6666667,134,340.8302148
21,High,Intermediate,High-Intermediate,Yes,8,266,1135.436495,50,1,3,0,1934.666667,1770,266,1135.436495
22,High,Small,High-Small,Yes,8,240,306.177719,0,0,3,0,546,2635,240,306.177719
23,High,Intermediate,High-Intermediate,No,8,108,584.9670841,0,0,3,4,5584,6015,108,584.9670841
24,High,Intermediate,High-Intermediate,Yes,8,138,553.337727,1,1,3,0,8653.666667,1660.666667,138,553.337727
25,Low,Small,Low-Small,Yes,8,7,5.501108397,0,0,3,0,315.6666667,1344.333333,7,5.501108397
26,Low,Small,Low-Small,Yes,8,59,187.7129386,0,0,3,0,889.3333333,894.6666667,59,187.7129386
27,Low,Large,Low-Large,Yes,8,94,85.8131712,0,0,3,0,1012.333333,11389.33333,94,85.8131712
28,High,Small,High-Small,Yes,8,151,814.4566347,0,0,3,1,9211,2884.666667,151,814.4566347
29,Low,Small,Low-Small,No,8,59,527.1721634,0,0,3,3,816,402.3333333,59,527.1721634
30,Low,Small,Low-Small,Yes,8,97,456.017616,0,0,3,0,348.3333333,421.6666667,97,456.017616
31,High,Large,High-Large,Yes,8,213,1011.051443,0,0,3,0,3676.333333,1758.666667,213,1011.051443
32,High,Small,High-Small,Yes,8,200,802.3606639,0,0,3,2,477,5538,200,802.3606639
33,Low,Intermediate,Low-Intermediate,Yes,8,104,541.3168639,0,0,3,0,503.3333333,805.3333333,104,541.3168639
34,Low,Intermediate,Low-Intermediate,Yes,8,108,51.95987793,0,0,3,0,570.6666667,1154.666667,108,51.95987793
35,High,Large,High-Large,No,8,94,1014.612871,0,0,3,0,502,8135,94,1014.612871
36,Low,Large,Low-Large,Yes,8,12,56.78873438,0,0,3,0,795.6666667,681.6666667,12,56.78873438
37,High,Intermediate,High-Intermediate,Yes,8,68,327.0104088,0,0,3,1,2247,3310,68,327.0104088
38,High,Small,High-Small,No,8,269,981.7371827,0,0,3,0,7253.333333,7461.666667,269,981.7371827
39,High,Large,High-Large,Yes,8,71,351.3320935,0,0,3,0,1346,5174.666667,71,351.3320935
40,Low,Intermediate,Low-Intermediate,Yes,8,41,23.66266164,0,0,3,0,450,711.3333333,41,23.66266164
41,High,Intermediate,High-Intermediate,Yes,8,63,489.4976661,0,0,3,0,1248,3302.333333,63,489.4976661
42,High,Large,High-Large,Yes,8,114,608.6806395,0,0,3,0,2101.666667,3193.333333,114,608.6806395
43,High,Intermediate,High-Intermediate,Yes,8,109,1097.051167,196,6,3,0,2309.666667,1760.666667,109,1097.051167
44,High,Large,High-Large,Yes,8,169,389.2192043,0,0,3,0,2754,2614,169,389.2192043
45,Low,Large,Low-Large,Yes,8,49,34.93487496,0,0,3,0,323.6666667,891.6666667,49,34.93487496
46,High,Intermediate,High-Intermediate,Yes,8,65,670.1308904,0,0,3,0,468.6666667,1056.666667,65,670.1308904
47,Low,Small,Low-Small,No,8,21,111.5901649,0,0,3,0,447.3333333,618,21,111.5901649
48,High,Intermediate,High-Intermediate,No,8,76,462.5991183,0,0,3,21,869.3333333,2225.333333,76,462.5991183
1,High,Small,High-Small,No,9,178,476.0765207,0,0,3,0,1370,1143.333333,178,476.0765207
2,Low,Intermediate,Low-Intermediate,Yes,9,25,303.7240573,0,0,3,0,1505.333333,816.6666667,25,303.7240573
3,Low,Intermediate,Low-Intermediate,Yes,9,66,96.82354769,0,0,3,0,566.3333333,4849.666667,66,96.82354769
4,High,Small,High-Small,Yes,9,411,924.1084142,166,1,3,0,6998,2845.333333,411,924.1084142
5,High,Small,High-Small,Yes,9,143,1357.860361,82,1,3,0,7663.666667,3563.666667,143,1357.860361
6,Low,Small,Low-Small,Yes,9,81,192.5288864,0,0,3,1,1304,1014.333333,81,192.5288864
7,High,Large,High-Large,No,9,116,629.3724018,0,0,3,0,2636,6616.666667,116,629.3724018
8,Low,Large,Low-Large,Yes,9,129,201.8359959,0,0,3,0,205,1078.666667,129,201.8359959
9,Low,Small,Low-Small,Yes,9,76,205.7209575,350,1,3,0,273,483.3333333,76,205.7209575
10,Low,Small,Low-Small,Yes,9,49,325.01256,178,1,3,0,256,1102.333333,49,325.01256
11,High,Large,High-Large,Yes,9,175,418.1398021,0,0,3,0,586,5474,175,418.1398021
12,Low,Large,Low-Large,No,9,36,194.5955617,0,0,3,0,729.6666667,1275.666667,36,194.5955617
13,Low,Intermediate,Low-Intermediate,Yes,9,33,71.52397453,0,0,3,0,244,5875.666667,33,71.52397453
14,High,Small,High-Small,Yes,9,81,733.609594,214,5,3,0,1154,1937.666667,81,733.609594
15,Low,Large,Low-Large,No,9,16,89.44878484,0,0,3,0,1537.666667,1440,16,89.44878484
16,Low,Intermediate,Low-Intermediate,No,9,43,209.6973822,0,0,3,0,942.6666667,1501.666667,43,209.6973822
17,Low,Large,Low-Large,Yes,9,88,141.9806591,0,0,3,0,452.3333333,732,88,141.9806591
18,High,Large,High-Large,Yes,9,78,937.0399627,2,1,3,0,1912,3767.666667,78,937.0399627
19,Low,Large,Low-Large,Yes,9,95,498.1385566,550,3,3,0,798.3333333,1826,95,498.1385566
20,Low,Intermediate,Low-Intermediate,No,9,93,241.3112192,0,0,3,0,619,972.6666667,93,241.3112192
21,High,Intermediate,High-Intermediate,Yes,9,235,1205.913094,50,1,3,0,2823.666667,1723,235,1205.913094
22,High,Small,High-Small,Yes,9,267,172.3441443,0,0,3,0,414.6666667,1220,267,172.3441443
23,High,Intermediate,High-Intermediate,No,9,154,738.1005432,0,0,3,0,914.3333333,3195,154,738.1005432
24,High,Intermediate,High-Intermediate,Yes,9,150,526.8372503,463,1,3,0,7453.333333,2197.666667,150,526.8372503
25,Low,Small,Low-Small,Yes,9,50,58.84881902,0,0,3,0,487.6666667,683.6666667,50,58.84881902
26,Low,Small,Low-Small,Yes,9,74,88.74863345,0,0,3,0,620.6666667,1436.333333,74,88.74863345
27,Low,Large,Low-Large,Yes,9,55,60.19955904,0,0,3,0,687.3333333,1980.666667,55,60.19955904
28,High,Small,High-Small,Yes,9,162,583.1124124,0,0,3,0,544,3676.333333,162,583.1124124
29,Low,Small,Low-Small,No,9,57,148.983641,0,0,3,1,440,1365.666667,57,148.983641
30,Low,Small,Low-Small,Yes,9,153,303.7709466,0,0,3,0,636.6666667,685.6666667,153,303.7709466
31,High,Large,High-Large,Yes,9,213,887.7050796,264,6,3,0,4694.666667,1823.666667,213,887.7050796
32,High,Small,High-Small,Yes,9,237,549.7265215,0,0,3,0,5528.666667,9977.333333,237,549.7265215
33,Low,Intermediate,Low-Intermediate,Yes,9,111,133.2939892,187,2,3,0,930.6666667,1114,111,133.2939892
34,Low,Intermediate,Low-Intermediate,Yes,9,44,189.4237017,0,0,3,0,697.6666667,2045,44,189.4237017
35,High,Large,High-Large,No,9,79,717.5711352,0,0,3,0,518.6666667,6870.333333,79,717.5711352
36,Low,Large,Low-Large,Yes,9,38,223.2143146,0,0,3,0,853,1602,38,223.2143146
37,High,Intermediate,High-Intermediate,Yes,9,79,365.6720923,998,8,3,0,712.6666667,7472.333333,79,365.6720923
38,High,Small,High-Small,No,9,134,427.4339532,0,0,3,0,6002,10886,134,427.4339532
39,High,Large,High-Large,Yes,9,84,422.7120345,0,0,3,0,1148.666667,4992.666667,84,422.7120345
40,Low,Intermediate,Low-Intermediate,Yes,9,64,53.70027788,245,1,3,0,466,854.3333333,64,53.70027788
41,High,Intermediate,High-Intermediate,Yes,9,88,714.0792364,49,3,3,0,1007,2281.666667,88,714.0792364
42,High,Large,High-Large,Yes,9,155,613.3406867,0,0,3,0,3728,2526.333333,155,613.3406867
43,High,Intermediate,High-Intermediate,Yes,9,146,908.6195189,24,2,3,0,2428.333333,6525.666667,146,908.6195189
44,High,Large,High-Large,Yes,9,95,232.4809656,230,2,3,0,3263.333333,1635,95,232.4809656
45,Low,Large,Low-Large,Yes,9,28,169.5930515,0,0,3,0,796,918.3333333,28,169.5930515
46,High,Intermediate,High-Intermediate,Yes,9,88,649.7618373,0,0,3,0,275.6666667,1354,88,649.7618373
47,Low,Small,Low-Small,No,9,30,121.6651262,0,0,3,2,306.3333333,606,30,121.6651262
48,High,Intermediate,High-Intermediate,No,9,110,280.3187705,0,0,3,0,2605.333333,6522,110,280.3187705
1,High,Small,High-Small,No,10,65,297.8444562,0,0,3,0,915,2277.666667,65,297.8444562
2,Low,Intermediate,Low-Intermediate,Yes,10,13,3.970979711,0,0,3,0,1574,1359,13,3.970979711
3,Low,Intermediate,Low-Intermediate,Yes,10,41,21.87723234,0,0,3,0,375.3333333,1573.666667,41,21.87723234
4,High,Small,High-Small,Yes,10,253,507.7784021,0,0,3,0,7392.333333,9013,253,507.7784021
5,High,Small,High-Small,Yes,10,157,1093.534441,146,1,3,0,2801,1902.666667,157,1093.534441
6,Low,Small,Low-Small,Yes,10,60,244.1791622,0,0,3,0,1872.333333,1288,60,244.1791622
7,High,Large,High-Large,No,10,68,267.5334028,0,0,3,0,2371,4332.666667,68,267.5334028
8,Low,Large,Low-Large,Yes,10,101,224.5928081,876,1,3,0,257.6666667,448.6666667,101,224.5928081
9,Low,Small,Low-Small,Yes,10,36,58.89765001,0,0,3,0,404,450.6666667,36,58.89765001
10,Low,Small,Low-Small,Yes,10,48,305.1239347,552,1,3,0,500,1211,48,305.1239347
11,High,Large,High-Large,Yes,10,229,528.8026922,0,0,3,0,675,3802.333333,229,528.8026922
12,Low,Large,Low-Large,No,10,30,64.71414406,0,0,3,0,214.3333333,849.6666667,30,64.71414406
13,Low,Intermediate,Low-Intermediate,Yes,10,15,41.35839213,0,0,3,0,399.6666667,1131.333333,15,41.35839213
14,High,Small,High-Small,Yes,10,88,348.8858212,0,0,3,0,1989,1548,88,348.8858212
15,Low,Large,Low-Large,No,10,15,11.08068716,0,0,3,0,1266.666667,682,15,11.08068716
16,Low,Intermediate,Low-Intermediate,No,10,49,277.5314998,0,0,3,0,323.6666667,1192.666667,49,277.5314998
17,Low,Large,Low-Large,Yes,10,105,41.26376418,0,0,3,0,262.6666667,642.6666667,105,41.26376418
18,High,Large,High-Large,Yes,10,52,317.4327437,69,1,3,0,1423,3776,52,317.4327437
19,Low,Large,Low-Large,Yes,10,112,247.0519529,919,1,3,0,228.6666667,1081.333333,112,247.0519529
20,Low,Intermediate,Low-Intermediate,No,10,57,34.81088857,0,0,3,0,571,3154.666667,57,34.81088857
21,High,Intermediate,High-Intermediate,Yes,10,117,1261.672444,4,1,3,0,2624.333333,2584.666667,117,1261.672444
22,High,Small,High-Small,Yes,10,202,163.9035443,0,0,3,0,1162,2085.333333,202,163.9035443
23,High,Intermediate,High-Intermediate,No,10,92,629.209029,0,0,3,0,757,2970,92,629.209029
24,High,Intermediate,High-Intermediate,Yes,10,182,773.4362398,0,0,3,0,171.6666667,1355,182,773.4362398
25,Low,Small,Low-Small,Yes,10,42,250.197504,0,0,3,0,658.6666667,653.6666667,42,250.197504
26,Low,Small,Low-Small,Yes,10,66,154.1403995,0,0,3,0,612,755.3333333,66,154.1403995
27,Low,Large,Low-Large,Yes,10,88,35.50972208,0,0,3,0,545.6666667,1811,88,35.50972208
28,High,Small,High-Small,Yes,10,65,228.1052673,0,0,3,0,1193.666667,10577,65,228.1052673
29,Low,Small,Low-Small,No,10,43,260.8011148,0,0,3,1,845.6666667,509,43,260.8011148
30,Low,Small,Low-Small,Yes,10,95,234.1233747,0,0,3,0,971.6666667,540,95,234.1233747
31,High,Large,High-Large,Yes,10,144,413.873988,178,3,3,0,1396.666667,618,144,413.873988
32,High,Small,High-Small,Yes,10,233,792.1972949,0,0,3,0,912.6666667,3399.333333,233,792.1972949
33,Low,Intermediate,Low-Intermediate,Yes,10,84,170.6847991,0,0,3,0,435.6666667,811,84,170.6847991
34,Low,Intermediate,Low-Intermediate,Yes,10,45,86.75175545,0,0,3,0,827.6666667,2334.333333,45,86.75175545
35,High,Large,High-Large,No,10,51,588.8905531,0,0,3,0,355.6666667,7630,51,588.8905531
36,Low,Large,Low-Large,Yes,10,36,180.351416,189,1,3,0,356,1140.333333,36,180.351416
37,High,Intermediate,High-Intermediate,Yes,10,84,627.7263439,96,12,3,0,464,12887.66667,84,627.7263439
38,High,Small,High-Small,No,10,135,460.6572184,0,0,3,0,2786.333333,4851,135,460.6572184
39,High,Large,High-Large,Yes,10,47,378.7463991,0,0,3,0,231.3333333,1810.333333,47,378.7463991
40,Low,Intermediate,Low-Intermediate,Yes,10,26,15.06524077,0,0,3,0,493,1500.333333,26,15.06524077
41,High,Intermediate,High-Intermediate,Yes,10,87,824.3806671,15,1,3,0,1088.666667,2170.666667,87,824.3806671
42,High,Large,High-Large,Yes,10,92,511.7496629,39,1,3,0,1267.666667,3014,92,511.7496629
43,High,Intermediate,High-Intermediate,Yes,10,93,762.2634323,0,0,3,0,1176.666667,1342.666667,93,762.2634323
44,High,Large,High-Large,Yes,10,106,262.460412,0,0,3,0,1612,2170.666667,106,262.460412
45,Low,Large,Low-Large,Yes,10,69,241.712147,139,1,3,0,184.6666667,965,69,241.712147
46,High,Intermediate,High-Intermediate,Yes,10,48,580.9006018,0,0,3,0,416,781.6666667,48,580.9006018
47,Low,Small,Low-Small,No,10,6,2.267360835,0,0,3,0,375.6666667,1803.666667,6,2.267360835
48,High,Intermediate,High-Intermediate,No,10,165,1313.85384,0,0,3,0,502.3333333,1177.333333,165,1313.85384
1,High,Small,High-Small,No,11,11,61.15795327,0,0,3,0,1659,4710.333333,11,61.15795327
2,Low,Intermediate,Low-Intermediate,Yes,11,10,1.837527184,0,0,3,0,1344.666667,5698.333333,10,1.837527184
3,Low,Intermediate,Low-Intermediate,Yes,11,17,13.28856683,0,0,3,0,873,917,17,13.28856683
4,High,Small,High-Small,Yes,11,150,236.4083783,0,0,3,0,11532.66667,12062.33333,150,236.4083783
5,High,Small,High-Small,Yes,11,78,218.7258143,0,0,3,0,3380,5040.333333,78,218.7258143
6,Low,Small,Low-Small,Yes,11,5,1.841848593,0,0,3,0,983.6666667,2010.333333,5,1.841848593
7,High,Large,High-Large,No,11,24,220.7992444,0,0,3,0,10169.66667,6187.666667,24,220.7992444
8,Low,Large,Low-Large,Yes,11,78,51.94957499,0,0,3,0,1371,5265.666667,78,51.94957499
9,Low,Small,Low-Small,Yes,11,96,296.3792577,0,0,3,0,332.3333333,503.3333333,96,296.3792577
10,Low,Small,Low-Small,Yes,11,30,108.3826897,0,0,3,1,1222.666667,2332.666667,30,108.3826897
11,High,Large,High-Large,Yes,11,24,48.79576312,0,0,3,0,1121.333333,6134.666667,24,48.79576312
12,Low,Large,Low-Large,No,11,37,50.7932585,0,0,3,0,373.6666667,270.3333333,37,50.7932585
13,Low,Intermediate,Low-Intermediate,Yes,11,3,13.15186355,0,0,3,0,238.3333333,5779.666667,3,13.15186355
14,High,Small,High-Small,Yes,11,31,231.7220449,0,0,3,0,2624,360.3333333,31,231.7220449
15,Low,Large,Low-Large,No,11,49,154.5815603,0,0,3,2,2317,3453.666667,49,154.5815603
16,Low,Intermediate,Low-Intermediate,No,11,32,116.8349189,0,0,3,0,647.3333333,1976.666667,32,116.8349189
17,Low,Large,Low-Large,Yes,11,61,77.07676178,0,0,3,0,506.3333333,492.6666667,61,77.07676178
18,High,Large,High-Large,Yes,11,38,258.2315614,70,1,3,1,2311,9274.666667,38,258.2315614
19,Low,Large,Low-Large,Yes,11,8,36.6622387,0,0,3,0,1410.333333,2344.333333,8,36.6622387
20,Low,Intermediate,Low-Intermediate,No,11,84,191.1628032,0,0,3,0,1030.666667,1001.333333,84,191.1628032
21,High,Intermediate,High-Intermediate,Yes,11,28,407.70487,0,0,3,0,1832,5590,28,407.70487
22,High,Small,High-Small,Yes,11,159,79.3983876,0,0,3,0,4452.666667,2910.666667,159,79.3983876
23,High,Intermediate,High-Intermediate,No,11,40,168.4951611,0,0,3,26,1566.666667,2505,40,168.4951611
24,High,Intermediate,High-Intermediate,Yes,11,171,525.5839151,0,0,3,0,388.3333333,7832,171,525.5839151
25,Low,Small,Low-Small,Yes,11,28,104.0607255,0,0,3,0,511.3333333,518.3333333,28,104.0607255
26,Low,Small,Low-Small,Yes,11,50,37.13772644,0,0,3,0,2746.666667,4956,50,37.13772644
27,Low,Large,Low-Large,Yes,11,88,52.96069992,0,0,3,0,609,937,88,52.96069992
28,High,Small,High-Small,Yes,11,43,255.045161,0,0,3,0,7187.666667,6327.666667,43,255.045161
29,Low,Small,Low-Small,No,11,51,403.5484408,0,0,3,0,995.3333333,5271.333333,51,403.5484408
30,Low,Small,Low-Small,Yes,11,86,181.3939307,0,0,3,0,579.3333333,1334,86,181.3939307
31,High,Large,High-Large,Yes,11,103,354.2172267,0,0,3,0,1147.333333,7314,103,354.2172267
32,High,Small,High-Small,Yes,11,165,705.9008154,0,0,3,0,2787.666667,3921.666667,165,705.9008154
33,Low,Intermediate,Low-Intermediate,Yes,11,68,111.3505027,0,0,3,0,406.3333333,848,68,111.3505027
34,Low,Intermediate,Low-Intermediate,Yes,11,51,92.45057514,0,0,3,0,2498.666667,2257.666667,51,92.45057514
35,High,Large,High-Large,No,11,69,657.0216487,0,0,3,0,249.3333333,7564,69,657.0216487
36,Low,Large,Low-Large,Yes,11,22,28.5961159,0,0,3,0,909.3333333,1576.666667,22,28.5961159
37,High,Intermediate,High-Intermediate,Yes,11,94,712.6723562,0,0,3,0,367.6666667,11507.66667,94,712.6723562
38,High,Small,High-Small,No,11,130,364.2986364,0,0,3,0,2546,5388.666667,130,364.2986364
39,High,Large,High-Large,Yes,11,0,0,0,0,3,0,2987.333333,5023,0,0
40,Low,Intermediate,Low-Intermediate,Yes,11,39,41.1484272,0,0,3,0,816,743,39,41.1484272
41,High,Intermediate,High-Intermediate,Yes,11,72,576.3073082,0,0,3,0,3698.666667,1765,72,576.3073082
42,High,Large,High-Large,Yes,11,42,87.63467897,0,0,3,1,359.3333333,2641.666667,42,87.63467897
43,High,Intermediate,High-Intermediate,Yes,11,26,267.2827895,0,0,3,0,141,7685,26,267.2827895
44,High,Large,High-Large,Yes,11,129,401.8091986,0,0,3,0,1648.666667,818,129,401.8091986
45,Low,Large,Low-Large,Yes,11,65,207.0866888,0,0,3,0,1403.333333,4754,65,207.0866888
46,High,Intermediate,High-Intermediate,Yes,11,52,412.4350302,0,0,3,0,4660.333333,2977,52,412.4350302
47,Low,Small,Low-Small,No,11,14,49.23146911,0,0,3,0,458.6666667,550,14,49.23146911
48,High,Intermediate,High-Intermediate,No,11,42,196.6611192,0,0,3,0,1674.333333,5907.333333,42,196.6611192
1,High,Small,High-Small,No,12,9,58.05889062,0,0,3,0,832,5252.333333,9,58.05889062
2,Low,Intermediate,Low-Intermediate,Yes,12,24,14.96413254,0,0,3,0,224.3333333,2956.333333,24,14.96413254
3,Low,Intermediate,Low-Intermediate,Yes,12,5,2.820149631,0,0,3,0,696.3333333,1511.333333,5,2.820149631
4,High,Small,High-Small,Yes,12,20,103.397545,0,0,3,0,12884.33333,12308.66667,20,103.397545
5,High,Small,High-Small,Yes,12,38,82.02546059,0,0,3,0,2514.666667,7934.333333,38,82.02546059
6,Low,Small,Low-Small,Yes,12,1,0.23827612,0,0,3,0,1635,3071.666667,1,0.23827612
7,High,Large,High-Large,No,12,61,273.3174079,0,0,3,0,7518.333333,2768.666667,61,273.3174079
8,Low,Large,Low-Large,Yes,12,83,204.5970495,0,0,3,0,288.6666667,1885,83,204.5970495
9,Low,Small,Low-Small,Yes,12,72,235.127166,0,0,3,0,454.3333333,452.6666667,72,235.127166
10,Low,Small,Low-Small,Yes,12,35,351.3013726,0,0,3,0,2861,9096.333333,35,351.3013726
11,High,Large,High-Large,Yes,12,2,1.572247329,0,0,3,0,2815,5373.666667,2,1.572247329
12,Low,Large,Low-Large,No,12,22,46.9220491,0,0,3,0,1562.333333,2894.333333,22,46.9220491
13,Low,Intermediate,Low-Intermediate,Yes,12,3,20.86714117,0,0,3,0,6427.333333,18238.33333,3,20.86714117
14,High,Small,High-Small,Yes,12,31,61.12453161,0,0,3,0,2994,1583.333333,31,61.12453161
15,Low,Large,Low-Large,No,12,49,146.1542762,0,0,3,0,1893.666667,4738,49,146.1542762
16,Low,Intermediate,Low-Intermediate,No,12,27,256.1554669,0,0,3,0,1984.333333,3290.666667,27,256.1554669
17,Low,Large,Low-Large,Yes,12,38,29.80078868,0,0,3,0,623.6666667,419,38,29.80078868
18,High,Large,High-Large,Yes,12,28,258.2706041,0,0,3,0,5619,2556.333333,28,258.2706041
19,Low,Large,Low-Large,Yes,12,14,14.84159386,0,0,3,0,1782.333333,2817.333333,14,14.84159386
20,Low,Intermediate,Low-Intermediate,No,12,59,54.07336402,0,0,3,0,1074.333333,697.6666667,59,54.07336402
21,High,Intermediate,High-Intermediate,Yes,12,0,0,0,0,3,0,548,7032.333333,0,0
22,High,Small,High-Small,Yes,12,112,56.0258963,0,0,3,0,601,2043,112,56.0258963
23,High,Intermediate,High-Intermediate,No,12,19,42.10684933,0,0,3,0,10706.66667,5891.333333,19,42.10684933
24,High,Intermediate,High-Intermediate,Yes,12,122,564.0866505,0,0,3,0,1358.333333,4974,122,564.0866505
25,Low,Small,Low-Small,Yes,12,25,126.9884074,0,0,3,0,1034.333333,1821.333333,25,126.9884074
26,Low,Small,Low-Small,Yes,12,44,26.42789104,0,0,3,0,5532.666667,8132.333333,44,26.42789104
27,Low,Large,Low-Large,Yes,12,27,15.21659909,0,0,3,0,1250.666667,873,27,15.21659909
28,High,Small,High-Small,Yes,12,0,0,0,0,3,0,2926.666667,4471,0,0
29,Low,Small,Low-Small,No,12,43,359.5526746,0,0,3,0,1150.333333,7310.666667,43,359.5526746
30,Low,Small,Low-Small,Yes,12,95,384.7814678,0,0,3,0,709.6666667,794.3333333,95,384.7814678
31,High,Large,High-Large,Yes,12,74,264.8368731,0,0,3,0,962.6666667,6184.333333,74,264.8368731
32,High,Small,High-Small,Yes,12,46,313.9892408,0,0,3,0,6114,977.3333333,46,313.9892408
33,Low,Intermediate,Low-Intermediate,Yes,12,79,106.3811055,0,0,3,0,468,769,79,106.3811055
34,Low,Intermediate,Low-Intermediate,Yes,12,19,112.5545145,0,0,3,0,4620.333333,5749.333333,19,112.5545145
35,High,Large,High-Large,No,12,42,288.6107451,0,0,3,0,336.6666667,7860.333333,42,288.6107451
36,Low,Large,Low-Large,Yes,12,22,60.48211368,0,0,3,0,1040,1224.666667,22,60.48211368
37,High,Intermediate,High-Intermediate,Yes,12,41,368.2658805,0,0,3,0,775.6666667,9590.666667,41,368.2658805
38,High,Small,High-Small,No,12,50,47.2462618,0,0,3,0,6902.333333,4758,50,47.2462618
39,High,Large,High-Large,Yes,12,4,20.1655927,0,0,3,0,873,7551.333333,4,20.1655927
40,Low,Intermediate,Low-Intermediate,Yes,12,26,32.0772776,0,0,3,0,925.6666667,475.6666667,26,32.0772776
41,High,Intermediate,High-Intermediate,Yes,12,93,697.3821312,8,2,3,0,8559.666667,1544.666667,93,697.3821312
42,High,Large,High-Large,Yes,12,22,141.0028261,0,0,3,0,337.6666667,2267.666667,22,141.0028261
43,High,Intermediate,High-Intermediate,Yes,12,15,204.8808041,0,0,3,0,281,17763.33333,15,204.8808041
44,High,Large,High-Large,Yes,12,72,428.8893078,1,1,3,0,5701,943.3333333,72,428.8893078
45,Low,Large,Low-Large,Yes,12,124,340.7484037,129,2,3,0,4753,6707.666667,124,340.7484037
46,High,Intermediate,High-Intermediate,Yes,12,68,435.0621573,3,1,3,0,6794.666667,2379.666667,68,435.0621573
47,Low,Small,Low-Small,No,12,20,82.4828605,0,0,3,0,835.3333333,1118.333333,20,82.4828605
48,High,Intermediate,High-Intermediate,No,12,59,258.7394193,0,0,3,0,1184.666667,6559.666667,59,258.7394193
1,High,Small,High-Small,No,13,5,13.55316249,0,0,3,0,1325.666667,9907.666667,5,13.55316249
2,Low,Intermediate,Low-Intermediate,Yes,13,42,92.85874387,0,0,3,0,350.6666667,2577.333333,42,92.85874387
3,Low,Intermediate,Low-Intermediate,Yes,13,1,1.518382822,0,0,3,0,822,4758.666667,1,1.518382822
4,High,Small,High-Small,Yes,13,6,198.4569016,0,0,3,0,7178,8182,6,198.4569016
5,High,Small,High-Small,Yes,13,24,70.96461064,0,0,3,0,2682.333333,12874.66667,24,70.96461064
6,Low,Small,Low-Small,Yes,13,0,0,0,0,3,0,2869,3127.333333,0,0
7,High,Large,High-Large,No,13,59,254.4656473,0,0,3,0,1324.666667,2946,59,254.4656473
8,Low,Large,Low-Large,Yes,13,83,213.8764119,0,0,3,0,2858.333333,3403.333333,83,213.8764119
9,Low,Small,Low-Small,Yes,13,105,194.7098644,0,0,3,0,437.6666667,1133.333333,105,194.7098644
10,Low,Small,Low-Small,Yes,13,15,195.9397021,0,0,3,0,4886,2558.666667,15,195.9397021
11,High,Large,High-Large,Yes,13,0,0,0,0,3,0,3684.666667,6619.333333,0,0
12,Low,Large,Low-Large,No,13,28,73.29213428,0,0,3,0,800,1951,28,73.29213428
13,Low,Intermediate,Low-Intermediate,Yes,13,3,3.759735444,0,0,3,0,1707.333333,17859.66667,3,3.759735444
14,High,Small,High-Small,Yes,13,39,185.726969,0,0,3,0,2576,2589.666667,39,185.726969
15,Low,Large,Low-Large,No,13,33,128.6866932,0,0,3,3,780,2559.333333,33,128.6866932
16,Low,Intermediate,Low-Intermediate,No,13,19,72.37467746,0,0,3,0,2334.333333,3568,19,72.37467746
17,Low,Large,Low-Large,Yes,13,60,46.3792883,0,0,3,0,896.6666667,668.3333333,60,46.3792883
18,High,Large,High-Large,Yes,13,29,173.1100722,69,1,3,0,5025,7025.666667,29,173.1100722
19,Low,Large,Low-Large,Yes,13,17,98.10724048,0,0,3,0,1853,5200.666667,17,98.10724048
20,Low,Intermediate,Low-Intermediate,No,13,51,78.30736655,0,0,3,0,742.6666667,1289,51,78.30736655
21,High,Intermediate,High-Intermediate,Yes,13,9,180.7051349,0,0,3,2,794,6421,9,180.7051349
22,High,Small,High-Small,Yes,13,85,75.18920955,0,0,3,0,654.3333333,8603.333333,85,75.18920955
23,High,Intermediate,High-Intermediate,No,13,17,158.0795957,0,0,3,4,3735,4805,17,158.0795957
24,High,Intermediate,High-Intermediate,Yes,13,99,429.1881154,0,0,3,0,1409,3326.333333,99,429.1881154
25,Low,Small,Low-Small,Yes,13,26,19.71552269,0,0,3,0,674.6666667,1355.666667,26,19.71552269
26,Low,Small,Low-Small,Yes,13,29,15.8177931,0,0,3,0,6793,9204,29,15.8177931
27,Low,Large,Low-Large,Yes,13,36,31.23697696,0,0,3,0,1121,1363.666667,36,31.23697696
28,High,Small,High-Small,Yes,13,52,191.2677814,0,0,3,0,1509,7071.333333,52,191.2677814
29,Low,Small,Low-Small,No,13,48,398.7914188,0,0,3,0,1412,11504,48,398.7914188
30,Low,Small,Low-Small,Yes,13,65,249.1572748,0,0,3,0,713.3333333,848.6666667,65,249.1572748
31,High,Large,High-Large,Yes,13,80,210.8417421,0,0,3,0,2752.666667,5584,80,210.8417421
32,High,Small,High-Small,Yes,13,44,261.4525156,0,0,3,0,2493.666667,8341.666667,44,261.4525156
33,Low,Intermediate,Low-Intermediate,Yes,13,64,105.562188,0,0,3,0,746,1516.333333,64,105.562188
34,Low,Intermediate,Low-Intermediate,Yes,13,32,173.5259721,0,0,3,0,6344.666667,11968,32,173.5259721
35,High,Large,High-Large,No,13,40,253.7970452,0,0,3,0,1785.333333,10680.66667,40,253.7970452
36,Low,Large,Low-Large,Yes,13,27,103.5290523,0,0,3,0,1039.666667,2019.333333,27,103.5290523
37,High,Intermediate,High-Intermediate,Yes,13,53,261.4849893,0,0,3,0,735.6666667,2833.666667,53,261.4849893
38,High,Small,High-Small,No,13,42,52.02894066,0,0,3,0,985.3333333,6654,42,52.02894066
39,High,Large,High-Large,Yes,13,2,74.13477871,0,0,3,0,1071.666667,11881.66667,2,74.13477871
40,Low,Intermediate,Low-Intermediate,Yes,13,34,42.14024944,0,0,3,0,774,778.6666667,34,42.14024944
41,High,Intermediate,High-Intermediate,Yes,13,77,645.131022,0,0,3,0,1310.333333,3594.666667,77,645.131022
42,High,Large,High-Large,Yes,13,49,200.5468009,0,0,3,0,860,1691.666667,49,200.5468009
43,High,Intermediate,High-Intermediate,Yes,13,0,0,0,0,3,0,1050,12107.33333,0,0
44,High,Large,High-Large,Yes,13,168,765.111281,0,0,3,0,1373.333333,1942,168,765.111281
45,Low,Large,Low-Large,Yes,13,41,187.590544,0,0,3,0,344.6666667,4888.666667,41,187.590544
46,High,Intermediate,High-Intermediate,Yes,13,74,393.168684,0,0,3,0,5812,2492,74,393.168684
47,Low,Small,Low-Small,No,13,24,17.97975507,0,0,3,1,604.6666667,942.3333333,24,17.97975507
48,High,Intermediate,High-Intermediate,No,13,361,425.4965482,0,0,3,0,1205.666667,4900.666667,361,425.4965482
1,High,Small,High-Small,No,14,10,74.2506659,0,0,3,0,266.3333333,1241.333333,10,74.2506659
2,Low,Intermediate,Low-Intermediate,Yes,14,16,31.91877336,0,0,3,0,281.6666667,102.3333333,16,31.91877336
3,Low,Intermediate,Low-Intermediate,Yes,14,0,0,0,0,3,0,496.3333333,261,0,0
4,High,Small,High-Small,Yes,14,5,6.231075334,0,0,3,0,1966,6350.333333,5,6.231075334
5,High,Small,High-Small,Yes,14,37,87.7996324,0,0,3,0,1442.666667,850.3333333,37,87.7996324
6,Low,Small,Low-Small,Yes,14,0,0,0,0,3,0,5878.333333,916,0,0
7,High,Large,High-Large,No,14,68,446.7603702,0,0,3,0,1855.666667,405.3333333,68,446.7603702
8,Low,Large,Low-Large,Yes,14,24,27.90333809,0,0,3,0,6119,1974.666667,24,27.90333809
9,Low,Small,Low-Small,Yes,14,79,217.303307,0,0,3,0,303.6666667,936.6666667,79,217.303307
10,Low,Small,Low-Small,Yes,14,29,349.4513922,0,0,3,0,457.6666667,2253,29,349.4513922
11,High,Large,High-Large,Yes,14,0,0,0,0,3,0,5253,18198.33333,0,0
12,Low,Large,Low-Large,No,14,35,59.75578158,0,0,3,0,462.3333333,2120,35,59.75578158
13,Low,Intermediate,Low-Intermediate,Yes,14,5,15.49876117,0,0,3,6,495.6666667,4850.666667,5,15.49876117
14,High,Small,High-Small,Yes,14,28,61.01146834,0,0,3,0,3485,10929,28,61.01146834
15,Low,Large,Low-Large,No,14,110,364.1956929,0,0,3,0,221,12163,110,364.1956929
16,Low,Intermediate,Low-Intermediate,No,14,21,51.54836228,0,0,3,0,588.3333333,9764.333333,21,51.54836228
17,Low,Large,Low-Large,Yes,14,37,40.06767112,0,0,3,0,397.6666667,252,37,40.06767112
18,High,Large,High-Large,Yes,14,23,145.0454547,0,0,3,0,9110,1499.666667,23,145.0454547
19,Low,Large,Low-Large,Yes,14,14,82.13689455,0,0,3,0,596,1168.666667,14,82.13689455
20,Low,Intermediate,Low-Intermediate,No,14,39,28.23708635,0,0,3,0,366.3333333,15742.33333,39,28.23708635
21,High,Intermediate,High-Intermediate,Yes,14,25,196.9502884,0,0,3,1,1093,1351,25,196.9502884
22,High,Small,High-Small,Yes,14,150,287.1396804,0,0,3,0,494.6666667,2946.333333,150,287.1396804
23,High,Intermediate,High-Intermediate,No,14,27,130.4029496,0,0,3,5,1526,3706,27,130.4029496
24,High,Intermediate,High-Intermediate,Yes,14,100,478.3769649,0,0,3,0,838.6666667,290.6666667,100,478.3769649
25,Low,Small,Low-Small,Yes,14,18,78.35256629,0,0,3,0,463,5214.333333,18,78.35256629
26,Low,Small,Low-Small,Yes,14,17,5.148133741,0,0,3,0,7384,8171.333333,17,5.148133741
27,Low,Large,Low-Large,Yes,14,0,0,0,0,3,0,811,1300.666667,0,0
28,High,Small,High-Small,Yes,14,14,72.54900182,0,0,3,0,3037.333333,5139,14,72.54900182
29,Low,Small,Low-Small,No,14,11,103.6220792,0,0,3,0,3670.666667,3292.666667,11,103.6220792
30,Low,Small,Low-Small,Yes,14,26,66.7967436,0,0,3,0,570.6666667,5862.666667,26,66.7967436
31,High,Large,High-Large,Yes,14,103,276.2830704,0,0,3,0,1188.666667,2147.666667,103,276.2830704
32,High,Small,High-Small,Yes,14,19,71.0062041,0,0,3,0,582.6666667,796.6666667,19,71.0062041
33,Low,Intermediate,Low-Intermediate,Yes,14,35,40.72156235,0,0,3,0,226,7128.666667,35,40.72156235
34,Low,Intermediate,Low-Intermediate,Yes,14,23,47.94041333,0,0,3,0,667.6666667,630.3333333,23,47.94041333
35,High,Large,High-Large,No,14,36,236.6523033,0,0,3,0,593,8933.333333,36,236.6523033
36,Low,Large,Low-Large,Yes,14,26,75.45372228,0,0,3,0,638,6704,26,75.45372228
37,High,Intermediate,High-Intermediate,Yes,14,49,339.9279826,0,0,3,9,92.33333333,377.6666667,49,339.9279826
38,High,Small,High-Small,No,14,52,154.6483409,0,0,3,0,253,1548,52,154.6483409
39,High,Large,High-Large,Yes,14,0,0,0,0,3,0,148.3333333,2481,0,0
40,Low,Intermediate,Low-Intermediate,Yes,14,20,27.54791514,0,0,3,0,604.6666667,414,20,27.54791514
41,High,Intermediate,High-Intermediate,Yes,14,53,349.9988596,0,0,3,0,6542.333333,4683.666667,53,349.9988596
42,High,Large,High-Large,Yes,14,30,101.7358581,0,0,3,0,7099,2567.666667,30,101.7358581
43,High,Intermediate,High-Intermediate,Yes,14,24,80.08104193,0,0,3,0,917.6666667,9780.333333,24,80.08104193
44,High,Large,High-Large,Yes,14,72,291.410002,0,0,3,0,5586,3741.666667,72,291.410002
45,Low,Large,Low-Large,Yes,14,36,215.4391847,0,0,3,0,15393.33333,10693.33333,36,215.4391847
46,High,Intermediate,High-Intermediate,Yes,14,57,447.0631973,0,0,3,0,10010.33333,4973.666667,57,447.0631973
47,Low,Small,Low-Small,No,14,8,55.36149397,0,0,3,0,655.6666667,822.3333333,8,55.36149397
48,High,Intermediate,High-Intermediate,No,14,37,115.4355587,0,0,3,0,1530.333333,10344,37,115.4355587
1,High,Small,High-Small,No,15,1,2.2879488,0,0,3,0,559.6666667,12437,1,2.2879488
2,Low,Intermediate,Low-Intermediate,Yes,15,13,40.5302496,0,0,3,0,654,3143.333333,13,40.5302496
3,Low,Intermediate,Low-Intermediate,Yes,15,0,0,0,0,3,0,641,3291.333333,0,0
4,High,Small,High-Small,Yes,15,3,9.2265696,0,0,3,0,5582,9482,3,9.2265696
5,High,Small,High-Small,Yes,15,29,209.5327776,0,0,3,0,559.6666667,24257,29,209.5327776
6,Low,Small,Low-Small,Yes,15,0,0,0,0,3,0,7049,5100,0,0
7,High,Large,High-Large,No,15,42,283.5906048,0,0,3,0,1758.333333,7135,42,283.5906048
8,Low,Large,Low-Large,Yes,15,55,389.3950272,0,0,3,0,1043.666667,2626,55,389.3950272
9,Low,Small,Low-Small,Yes,15,65,83.1381312,0,0,3,0,346.3333333,1999.333333,65,83.1381312
10,Low,Small,Low-Small,Yes,15,31,117.3213792,0,0,3,0,926.3333333,12055,31,117.3213792
11,High,Large,High-Large,Yes,15,0,0,0,0,3,0,4850.333333,9238.666667,0,0
12,Low,Large,Low-Large,No,15,18,42.9468192,0,0,3,0,581,2165.333333,18,42.9468192
13,Low,Intermediate,Low-Intermediate,Yes,15,5,31.187808,0,0,3,0,500.6666667,15360.66667,5,31.187808
14,High,Small,High-Small,Yes,15,45,150.3223488,0,0,3,0,1880.666667,4721.333333,45,150.3223488
15,Low,Large,Low-Large,No,15,,,0,0,3,0,347,7777.666667,0,0
16,Low,Intermediate,Low-Intermediate,No,15,,,0,0,3,0,683.6666667,4970,0,0
17,Low,Large,Low-Large,Yes,15,15,19.8706368,0,0,3,0,660.3333333,2125,15,19.8706368
18,High,Large,High-Large,Yes,15,30,217.0090752,0,0,3,0,609,5808.333333,30,217.0090752
19,Low,Large,Low-Large,Yes,15,13,135.3750432,0,0,3,0,304,6292.333333,13,135.3750432
20,Low,Intermediate,Low-Intermediate,No,15,14,10.8655776,0,0,3,0,499.3333333,2909,14,10.8655776
21,High,Intermediate,High-Intermediate,Yes,15,17,133.3027584,0,0,3,0,3182,7136,17,133.3027584
22,High,Small,High-Small,Yes,15,93,172.8503808,0,0,3,0,1381.333333,11478.66667,93,172.8503808
23,High,Intermediate,High-Intermediate,No,15,20,128.7895008,0,0,3,0,1315,12418.66667,20,128.7895008
24,High,Intermediate,High-Intermediate,Yes,15,81,319.1159616,0,0,3,0,1538.333333,3297.666667,81,319.1159616
25,Low,Small,Low-Small,Yes,15,17,30.019728,0,0,3,0,585,2243,17,30.019728
26,Low,Small,Low-Small,Yes,15,16,120.7339008,0,0,3,0,7763,6649,16,120.7339008
27,Low,Large,Low-Large,Yes,15,0,0,0,0,3,0,964.6666667,1813.333333,0,0
28,High,Small,High-Small,Yes,15,0,0,0,0,3,0,2199.333333,7179,0,0
29,Low,Small,Low-Small,No,15,9,27.4426848,0,0,3,0,9665.666667,10154.66667,9,27.4426848
30,Low,Small,Low-Small,Yes,15,30,20.3916192,0,0,3,0,735.6666667,1455,30,20.3916192
31,High,Large,High-Large,Yes,15,77,246.7068768,0,0,3,0,742.6666667,3517,77,246.7068768
32,High,Small,High-Small,Yes,15,15,88.7612928,0,0,3,0,2028.333333,5527.333333,15,88.7612928
33,Low,Intermediate,Low-Intermediate,Yes,15,9,14.424096,0,0,3,0,398.6666667,5582.666667,9,14.424096
34,Low,Intermediate,Low-Intermediate,Yes,15,23,173.1851232,0,0,3,0,1934.666667,8886.666667,23,173.1851232
35,High,Large,High-Large,No,15,46,260.4476928,0,0,3,0,1915.666667,2734.666667,46,260.4476928
36,Low,Large,Low-Large,Yes,15,10,45.5924832,0,0,3,0,849.3333333,1140.333333,10,45.5924832
37,High,Intermediate,High-Intermediate,Yes,15,48,320.0453952,0,0,3,0,338.6666667,2152.666667,48,320.0453952
38,High,Small,High-Small,No,15,35,98.1012384,0,0,3,0,583,6824.333333,35,98.1012384
39,High,Large,High-Large,Yes,15,0,0,0,0,3,0,1841,1257.666667,0,0
40,Low,Intermediate,Low-Intermediate,Yes,15,24,42.7740384,0,0,3,0,885.3333333,874,24,42.7740384
41,High,Intermediate,High-Intermediate,Yes,15,47,377.1668064,0,0,3,0,3321,2295,47,377.1668064
42,High,Large,High-Large,Yes,15,92,524.2578144,0,0,3,0,1797.666667,3244,92,524.2578144
43,High,Intermediate,High-Intermediate,Yes,15,7,25.016736,0,0,3,0,997.3333333,10006,7,25.016736
44,High,Large,High-Large,Yes,15,103,520.0937472,0,0,3,0,998,11353.66667,103,520.0937472
45,Low,Large,Low-Large,Yes,15,65,493.2365568,0,0,3,0,2151,7240.666667,65,493.2365568
46,High,Intermediate,High-Intermediate,Yes,15,52,412.6010976,0,0,3,0,7713,5005,52,412.6010976
47,Low,Small,Low-Small,No,15,15,14.2550016,0,0,3,0,585,1805,15,14.2550016
48,High,Intermediate,High-Intermediate,No,15,52,176.9873952,0,0,3,0,6116.333333,7901.333333,52,176.9873952
